ギター 初心者 バンド	1	http://band-beginner.com/	初心者の為のバンド活動入門講座	これからバンドを始める初心者の為に、バンドの組み方、各パートの役割、練習の仕方、ライブの仕方等のノウハウを紹介。 ... このサイトではバンド初心者の為に、管理者自身の経験から、 バンドの組み方、各パートの ... ギター・ベースの練習方法 &middot; 自宅練習&nbsp;...
ギター 初心者 バンド	2	http://www.guitar-guitar-guitar.com/lesson/cont02.html	バンド内でのギターの役割 ｜ ギター初心者のための練習方法	もしあなたがバンドを組んでギターを担当する場合、ギターがバンドの中でどのような役割を持っているかを知ることはとても大切です。野球やサッカー等のスポーツでも、ポジション毎に与えられた役割があるように、バンドでもそれぞれの楽器が持つ役目が&nbsp;...
ギター 初心者 バンド	3	http://matome.naver.jp/odai/2133794961152168201	バンド初心者必見！エレキギターの豆知識 - NAVER まとめ	2012/05/25 - 
ギター 初心者 バンド	4	http://bandbigginer.boo.jp/	初心者だけどバンドやりたい！	初心者だけどバンドをやりたい方のための支援サイトです。 ... 初心者おすすめ曲、バンドスコア、楽器についての知識、演奏テクニック、機材、曲作り、より良いバンド活動のためのポイント、 ... 人気記事○ ギター初心者練習曲～有名曲のリフを弾いて楽しむ
ギター 初心者 バンド	5	http://guitarlist.net/bandscore/beginner.html	ギター初心者向けの曲 - 楽譜が無料！ギター、ピアノ、バンド ...	音源付きバンドスコアを無料で提供！ GLNET+. トップページ. ギター初心者向けの曲の中から、 特に人気のある曲をピックアップしました！ □ 小さな恋のうた / MONGOL800. □ 天体観測 / BUMP OF CHICKEN. □ 君の知らない物語 / supercell.
ギター 初心者 バンド	6	http://introduction-guitar.info/	初心者ギター入門	バンドを組んでみんなでワイワイ楽しみたい！ そんな人を応援したくて作りました＾＾. 女性目線で感じたこと、思ったことを書いていこうと考えていますので、これからギターを始めたい初心者女子にはぜひ見てもらいたいなあと思います♪. 私がギターを始めたのは&nbsp;...
ギター 初心者 バンド	7	http://guitar.nyanta.jp/b01-01.html	メンバーを探そう！ - ロックギター講座	エレキギター初心者のための入門講座のページです。バンドメンバーの探し方。
ギター 初心者 バンド	8	https://cyta.jp/eguitar/c/entry/4699	初心者ギタリストでもバンドを組みたい！エレキギターをやって ...	2013/11/15 - 
ギター 初心者 バンド	9	http://guitar-hakase.com/3406/	バンドメンバーを探す -【エレキギター博士】	バンドメンバーを探す方法として、一番簡単なのは中学や高校、大学の同級生と一緒に結成することですね。 ... エレキギター博士」はこれからエレキギターを始めるギター初心者向け入門講座から、エレキギターの種類やシールド・ピックアップ・ギターアンプ・&nbsp;...
ギター 初心者 バンド	10	http://detail.chiebukuro.yahoo.co.jp/qa/question_detail/q12110111767	ギターの練習量は？バンドでギターをしている高校一年生の女子 ...	2013/07/11 - 
ギター 初心者 バンド	11	http://xn--eckyfna8731bop8c.jp/others/guitar/	【初心者】ギターを始めたいんだけど、おすすめ教えて【ガールズ ...	2013/10/14 - 
ギター 初心者 バンド	12	http://www.youtube.com/watch?v=fWzObaqFteQ	初心者の高校生バンド必見？ちょー簡単演奏法 【前編 ...	初心者の高校生バンド必見？ちょー簡単 ... 速弾きギター超入門／YUKI[D_Drive] by atossinternational 3 ...
ギター 初心者 バンド	13	http://www.shimamura.co.jp/hachioji/index.php?itemid=101326	【楽譜】迷ったらコレ！初心者でもおすすめのバンドスコア集め ...	2014/08/02 - 
ギター 初心者 バンド	14	http://mixi.jp/view_community.pl?id=2191206	全員初心者バンド募集します！ | mixiコミュニティ	【全員初心者バンド募集します！】のmixiコミュニティ。全員が初心者のバンドを募集します。ボーカル、ギター、ドラム、ベース、キーボードなどいろいろOKです。いろいろ話して高めあえたらいいと思います。よろしくお願いします。 ※ 何処かわからないの...
ギター 初心者 バンド	15	http://livearth-music.com/school/contents/324/	ギター初心者は必見！ギターの種類と選び方7つのポイントまとめ	ポイントその2「やりたいのはソロ（弾き語り）なのかバンドなのか」. 次に考えてみてもらいたいのが、ギターを弾く上で自分が何をしたいか？これは大きく分けて2択なので簡単です。 ストリート（路上）などでギターを抱えて一人で歌ってる人を見かけたことは&nbsp;...
ギター 初心者 バンド	16	http://oshiete.goo.ne.jp/qa/7795110.html	ギター初心者のバンドメンバーを上達させたい。 - 教えて！goo	2012/11/13 - 
ギター 初心者 バンド	17	http://detail.chiebukuro.yahoo.co.jp/qa/question_detail/q10105930655	ギター初心者です。文化祭でバンドを組もうという話になり ...	2013/04/20 - 
ギター 初心者 バンド	18	http://ch.nicovideo.jp/livejam/blomaga/ar20507	初心者のためのギターを弾くためのフィジカルトレーニング:バンド ...	2012/12/03 - 
ギター 初心者 バンド	19	http://bunchi-1980.com/s/	エレキギター初心者脱出プログラム	その中でバンドを組んで、 最初からリズムに乗れる場合なんて、「まれ」なんですよ まず、ほとんどのケースでドラマーのリズムが揺らぎますだって、初心者さん多いですもん 当然です 文原も当時、バンドは初体験なので、そのリズムに合わせてエレキギターを弾く&nbsp;...
ギター 初心者 バンド	20	http://guiterbegin.web.fc2.com/live.html	エレキギターのはじめかた～初心者入門-バンドを組みましょう。	2012/05/31 - 
