ギター バンド	1	http://wiki.chakuriki.net/index.php/%E3%83%99%E3%82%BF%E3%81%AA%E3%83%90%E3%83%B3%E3%83%89%E3%81%AE%E6%B3%95%E5%89%87	ベタなバンドの法則 - chakuwiki	ギター に移動 - 
ギター バンド	2	http://www.guitar-guitar-guitar.com/lesson/cont02.html	バンド内でのギターの役割 ｜ ギター初心者のための練習方法	もしあなたがバンドを組んでギターを担当する場合、ギターがバンドの中でどのような役割を持っているかを知ることはとても大切です。野球やサッカー等のスポーツでも、ポジション毎に与えられた役割があるように、バンドでもそれぞれの楽器が持つ役目が&nbsp;...
ギター バンド	3	http://guitarlist.net/	楽譜が無料！ギター、ピアノ、バンドスコアなど - GLNET+	バンドスコア、ギター、ベース、ドラム、キーボードなどの各種パート譜を無料で閲覧.
ギター バンド	4	http://www.j-cast.com/2014/06/04206733.html	「セカオワ」ギターボーカルFukaseの発言が波紋 他のバンドに ...	2014/06/04 - 
ギター バンド	5	http://otowota.com/archives/2013/%E3%82%AE%E3%82%BF%E3%83%BC%E3%83%90%E3%83%B3%E3%83%89%E3%81%AE%E9%80%80%E5%8C%96%E6%84%9F%E3%80%81%E5%8A%A3%E5%8C%96%E6%84%9F/	「ギターバンドの退化感、劣化感。特にヴォーカルギターがいる ...	2013/09/23 - 
ギター バンド	6	http://matome.naver.jp/odai/2133794961152168201	バンド初心者必見！エレキギターの豆知識 - NAVER まとめ	2012/05/25 - 
ギター バンド	7	http://www.3-guitar.com/guitar/page41.html	バンドの基本構成 - 3分ギタードットコム	そもそもバンドとは？バンドの基本構成. ギターがジャカジャカ弾けるようになったら、仲間と一緒に演奏してみたいものです。 これは最高に楽しい！ ゆくゆくは「バンド」として活動するのもいいですよね。 あなたも、「ミュージシャンが夢だった」って思っていませんで&nbsp;...
ギター バンド	8	http://safarina.blog.fc2.com/blog-entry-2018.html	ギターバンドがある時期をこえて打ち込みを始めるのはなぜなのか	2014/08/20 - 
ギター バンド	9	http://rockgt.com/bandrensyu.html	ロックギタリスト養成所・バンド練習はどうやれば良いの？	最初にしっかり認識して頂きたいのですが、バンド練習と個人練習は全く違います。 個人練習はあなたのギタープレイを上達させる為に行うものですが、バンド練習は バンド全体をまとめ上げる為に行うものです。 自分の演奏に気を取られて、本来の目的を忘れ&nbsp;...
ギター バンド	10	http://ja.wikipedia.org/wiki/%E3%83%90%E3%83%B3%E3%83%89_(%E9%9F%B3%E6%A5%BD)	バンド (音楽) - Wikipedia	単に「バンド」と言った場合は、ジャズやロックなどポピュラー音楽を指すことが多いが、広義にはジャンルを問わない。ただし、オーケストラはバンドと区別されることが多い。差異は、電子楽器（エレキギターや電子ピアノ）、ドラムセットを使用しているか否かであると&nbsp;...
ギター バンド	11	http://ja.wikipedia.org/wiki/%E3%83%AA%E3%83%BC%E3%83%89%E3%82%AE%E3%82%BF%E3%83%BC	リードギター - Wikipedia	リードギター (Lead Guitar) とは、もっぱらリード（ソロ）を弾くギターパート、あるいは、その役割を指す。その演奏者自体を指す場合は、「リードギタリスト」という。 解説[編集]. グループやバンド、ソロ・ミュージシャンのバッキング（伴奏）のいずれでもこの名称が用い&nbsp;...
ギター バンド	12	http://www.j-guitar.com/band/invite_search	バンドメンバー募集・加入希望【バンドメンバー募集｜Jギター】	「バンドやりたい！メンバー欲しい！」バンドメンバー募集は国内最大級のギター専門サイト【J-Guitar.com】 初心者、シニアもOK！ バンドメンバー探しはJギターのバンドメンバー募集で！
ギター バンド	13	http://dearsilence.jugem.jp/?eid=3	2014年、こいつらは本物だ！新人ギターバンド9組 | // DEAR ...	2014/03/02 - 
ギター バンド	14	http://www.youtube.com/watch?v=QdGh-PJiEc8	ツインギターバンド「LoVendoЯ」（ラベンダー）の素顔に迫る② ...	ツインギターバンド「LoVendoЯ」（ラベンダー）の素顔に迫る②～未来定番曲#56 4. baron. SubscribeSubscribed ...
ギター バンド	15	http://www.youtube.com/watch?v=wRXRV1W-OJ8	ツインギターバンド「LoVendoЯ」（ラベンダー）の素顔に迫る③ ...	ツインギターバンド「LoVendoЯ」（ラベンダー）の素顔に迫る③～未来定番曲#59. baron ... なんかアニメの世界から飛び出してきた ...
ギター バンド	16	http://www.youtube.com/watch?v=DJb5QRD7OHM	ツインギターバンド「LoVendoЯ」（ラベンダー）の素顔に迫る④ ...	ツインギターバンド「LoVendoЯ」（ラベンダー）の素顔に迫る④～未来定番曲#60. baron. SubscribeSubscribedUnsubscribe 652 ...
ギター バンド	17	http://thesignmagazine.com/features/%E8%8B%B1%E5%9B%BD%E3%82%AE%E3%82%BF%E3%83%BC%E3%83%BB%E3%83%90%E3%83%B3%E3%83%89-%E5%BE%A9%E6%B4%BB%E3%81%AE%E6%99%82%E3%81%AF%E9%81%82%E3%81%AB%E6%9D%A5%E3%81%9F%E3%81%8B%EF%BC%9F-part-1/	英国ギター・バンド、復活の烽火！ これを見逃す馬鹿は馬鹿だ ...	2013/10/10 - 
ギター バンド	18	http://rittor-music.jp/column/aruaru/22061	第6号 「バンド女子あるある」10連発！ 女子がギターケースの ...	2013/07/11 - 
ギター バンド	19	https://cyta.jp/aguitar/c/entry/3615	意外と知らない！バンドにおけるアコースティックギターの役割 ...	2013/11/12 - 
