ギター 初心者	1	http://www.aki-f.com/kouza/s_kouza/	超初心者のためのギター入門講座 | a-ki&#39;s factory	これでダメならあきらめな！ まったく楽器を触ったことのない超初心者でもわかるよう工夫したシンプルなギター入門講座です。 Fが押さえられなくてもギターは弾けます！
ギター 初心者	2	http://www9.ocn.ne.jp/~knatsu/hikikata/hikikata-index.html	&quot;初心者のためのギター弾き方講座:トップ&quot; 初心者のための ...	アコースティックギター（アコギ）の弾き方を動画でやさしく解説。楽譜を一切使わないので楽譜の読めない方＆ギター初心者の方にも安心です。
ギター 初心者	3	http://matome.naver.jp/odai/2132136388382606601	【入門講座】 ギターをこれから始めたい人の入門講座 - NAVER ...	2014/05/04 - 
ギター 初心者	4	http://guitarlist.net/bandscore/beginner.html	ギター初心者向けの曲 - GLNET+	音源付きバンドスコアを無料で提供！ GLNET+. トップページ. ギター初心者向けの曲の中から、 特に人気のある曲をピックアップしました！ □ 小さな恋のうた / MONGOL800. □ 天体観測 / BUMP OF CHICKEN. □ 君の知らない物語 / supercell.
ギター 初心者	5	http://guitar.nyanta.jp/	ギター初心者向け入門講座 ～ネコでも弾ける！ロックギター講座～	このサイトはこれからギターを始めようとおもっている初心者のお坊ちゃん、お嬢ちゃん。ギターは持ってるけどホコリがかぶってしまっている学生、フリーター、ニート。お金と時間に余裕があるお父様方に至るまで、興味はあるけどなかなか一歩が踏み出せないで&nbsp;...
ギター 初心者	6	http://www.geocities.jp/zzzsleeperzzz123/	ギター初心者を中級者まで導く！？初心者専門ギター講座	ギターを始めたばかり、またはこれからギターを始めようとする方の為の初心者向けギター講座です。簡単なギター基礎練習方法からスケール、またギターを主体とした音楽理論などを掲載しています.
ギター 初心者	7	http://www.guitar-guitar-guitar.com/	ギター初心者のための練習方法	ギター初心者の方に向けた練習方法の内容や、チューニング、弦交換のやり方を解説。初めに揃えるべきアイテムの紹介。
ギター 初心者	8	http://beginnerguitarex.com/	ギター 練習 脱初心者の為の最短上達法	ギター初心者の為の練習法を一挙大公開！約15年かけて生徒のギター上達を追求してきた管理人が公開する誰も言わなかった「ホントの」練習法！
ギター 初心者	9	http://www.youtube.com/watch?v=XD9PTiUKaqw	初めてギターに触れる人のために：初心者のためのギター講座 ...	生まれてギターに初めて触れる人のための動画です。ギターの持ち方やきれいな音の出し方のコツなどを紹介しています。難 ...
ギター 初心者	10	http://www.ufret.jp/	無料ギターコード譜&amp;歌詞検索 押さえ方も分かる！ U-フレット	無料で見やすい使いやすい♪ギターコード見放題. お気に入り &middot; 閲覧履歴 &middot; ランキング. 無料ギター&amp;ピアノコード譜 18706曲 配信中. 検索. アーティスト名頭文字の読み仮名で検索. あ, あ, い, う, え, お. か, か, き, く, け, こ .... ギター初心者向けの曲. 入門 &middot; 初級&nbsp;...
ギター 初心者	11	http://www.amazon.co.jp/%E3%82%A8%E3%83%AC%E3%82%AD%E3%82%AE%E3%82%BF%E3%83%BC-%E3%82%BB%E3%83%83%E3%83%88/b?ie=UTF8&amp;node=2129892051	Amazon.co.jp: エレキギターセット: 楽器	SELDER エレキギター ストラトキャスタータイプ STH-20 初心者入門13点セット /HBK(9707003301) &middot; ￥ 16,800 ... Photogenic フォトジェニック エレキギター 初心者 入門 8点 バリューセット ストラトタイプ ミニアンプ チューナー付き / ST180 BK &middot; ￥ 19,800 ￥&nbsp;...
ギター 初心者	12	http://www.3-guitar.com/guitar/page1.html	ギター初心者のためのギター選び ～ギター初心者に絶対に必要 ...	ギター初心者とギター挫折者に特化した初心者専門ギターサイト。動画でアニメで基本から.
ギター 初心者	13	http://www.soundhouse.co.jp/howto/guitar/	ギター入門講座｜サウンドハウス	ここではギターやアンプの選び方から、弦の交換、チューニングや普段の手入れなど、これからギターを始める方、ギター初心者にとって役に立つ知識を詳しくご紹介していきます。このコーナーを参考に、ギターライフをより充実したものにしていきましょう！
ギター 初心者	14	http://guitar-hakase.com/	エレキギターの総合サイト【エレキギター博士】	エレキギター博士は、ギター初心者から中〜上級者までが楽しめる「エレキギター総合サイト」。これからギターを始める人、練習の仕方がわからない人、ギターや関連機材についての情報、理論、メンテナンス方法などコンテンツ満載！！
ギター 初心者	15	http://search.rakuten.co.jp/search/mall/-/%E5%88%9D%E5%BF%83%E8%80%85%E3%82%BB%E3%83%83%E3%83%88-553686/f.1-p.1-s.5-sf.0-st.A-v.3	【楽天市場】検索結果 - 初心者セット エレキギター 楽器(レビュー ...	楽天市場-「楽器 エレキギター 初心者セット」ジャンルの商品一覧です。楽天市場は、セールや送料無料など取扱商品数が日本最大級のインターネット通販サイト・オンラインショッピングコミュニティです。(レビューの件数が多い順 ウィンドウショッピング 在庫あり)
ギター 初心者	16	http://search.rakuten.co.jp/search/mall/-/%E5%88%9D%E5%BF%83%E8%80%85%E3%82%BB%E3%83%83%E3%83%88-553687/f.1-p.1-s.5-sf.0-st.A-v.3	【楽天市場】検索結果 - 初心者セット アコースティックギター 楽器 ...	楽天市場-「楽器 アコースティックギター 初心者セット」ジャンルの商品一覧です。楽天市場は、セールや送料無料など取扱商品数が日本最大級のインターネット通販サイト・オンラインショッピングコミュニティです。(レビューの件数が多い順 ウィンドウショッピング&nbsp;...
ギター 初心者	17	http://www.j-guitar.com/ha/hajime_mv/	ギター初心者講座・動画編 【ギターはじめの一歩・動画編】 J ...	ギター初心者・入門者のための動画講座、完全無料です。ギターの持ち方、弾き方、ピッキング、チューニングやギターコードの押さえ方、弦の交換方法などを解りやすく動画で解説。アコースティックギター、エレキギターもOK！楽譜やTAB譜も掲載。ギター&nbsp;...
ギター 初心者	18	http://www.j-guitar.com/ha/	ギター初心者にも良くわかる【ギターテクニック講座｜Jギター】	ギター初心者でも安心、Jギターの「無料ギター講座」。エレキギターもアコギもOK！ ギターの弾き方、コードやスケール理論など。ギター初心者でも楽しめます。
ギター 初心者	19	http://introduction-guitar.info/	初心者ギター入門	初心者ギター入門では、アコースティックギターを主体に、全くの初心者でもギターで曲が弾けるようになる方法を教えています。音符が読めない人でも1ヶ月で作曲が出来るカリキュラムを無料でレクチャー！！
ギター 初心者	20	http://www.araiguitar.com/sub04-2.htm	ギター初心者の館〔提供：荒居ギター教室〕	ロック・フォーク・ソロギター（クラシックも含む）など、同じギターでもそれぞれ別種類の楽器と 言っていいほど指や頭（体も）の使い方が違う。 ..... 指の痛みがギター初心者の気持ちを挫くのなら、指の負担の少ない調性からスタートする教本を作る べきだったね。
