ギター 練習	1	http://beginnerguitarex.com/	ギター 練習 脱初心者の為の最短上達法	ギター初心者の為の練習法を一挙大公開！約15年かけて生徒のギター上達を追求してきた管理人が公開する誰も言わなかった「ホントの」練習法！
ギター 練習	2	http://guitar-hakase.com/renshu/	ギターの練習方法について -【エレキギター博士】	ギター初心者入門者向けにフィンガリング・ピッキングなど練習メニュー毎に動画を使って丁寧に解説。練習のコツや注意点、その他コード・スケール理論、練習に役立つ教則本・教則DVDについて紹介しています.
ギター 練習	3	http://www.youtube.com/watch?v=4uCzBPZwoBQ	ギター練習におススメのアプリ紹介 初心者のためのギター講座 ...	今回はいつも僕が使っている、とても便利なアプリを紹介します。ここで紹介するアプリを使えばギター練習がはかどる事まちがいナシです。全て ...
ギター 練習	4	http://www16.ocn.ne.jp/~prime/renshu.html	わかりやすい！ギターを弾くための毎日の練習方法を解説 ...	基礎練習. ギターを弾く上で一番の基本となるのは、「音がキチンと出る」ことです。 元々人間の指および手は、ギターを弾くような構造？にはなっていません。 キチンとした音を出すためには、指先の痛さに耐え、何曲も弾けるだけの筋肉を鍛えなければいけません&nbsp;...
ギター 練習	5	http://www.guitar-guitar-guitar.com/	ギター初心者のための練習方法	ギター初心者の方に向けた練習方法の内容や、チューニング、弦交換のやり方を解説。初めに揃えるべきアイテムの紹介。
ギター 練習	6	http://ameblo.jp/powerguitarlist/	～ギター初心者が90日間でプロ並みに弾ける練習法～	ギター初心者が90日間でプロ並みに弾ける練習法～]－[ギター初心者上達プロデューサー☆直]さんのブログです。いつもありがとうございます！直です＾＾皆さん、youtubeは見ますよね＾＾youtubeは、非常に便利ですよね！みたい動画を検索すると、大抵のもの&nbsp;...
ギター 練習	7	http://www.geocities.jp/zzzsleeperzzz123/sleep/demo4.html	ギター初心者を中級者まで導く！？初心者専門ギター講座 ...	ギター初心者向けギター講座。ギター初心者の方に向けての一番最初のギター練習に役立つページです.
ギター 練習	8	http://www.electricguitar-guide.net/improve/	エレキギター上達法【エレキギター演奏弾き方ガイド】	2014/09/06 - 
ギター 練習	9	http://thepocketguitar.com/archives/6719	音楽の練習で大切なのは、長い時間よりも集中して計画的に ...	2013/08/25 - 
ギター 練習	10	http://www.amazon.co.jp/%E7%A9%B6%E6%A5%B5%E3%81%AE%E3%82%AE%E3%82%BF%E3%83%BC%E7%B7%B4%E7%BF%92%E5%B8%B3-%E3%82%A8%E3%83%AC%E3%82%AD%E3%82%AE%E3%82%BF%E3%83%BC-%E3%83%AA%E3%83%83%E3%83%88%E3%83%BC%E3%83%9F%E3%83%A5%E3%83%BC%E3%82%B8%E3%83%83%E3%82%AF%E3%83%BB%E3%83%A0%E3%83%83%E3%82%AF-%E5%AE%AE%E8%84%87-%E4%BF%8A%E9%83%8E/dp/4845604728	究極のギター練習帳 (エレキギター) リットーミュージック・ムック	著者よりひとこと ギター・ソロ、メカニカルな運指練習、カッティング、色々なバッキング・パターン、各種スケール、特殊奏法、etc…。何を練習したら良いのか迷った時には、とりあえずこの本を開けば楽しんで練習できます。カラオケと模範演奏をCDで収録している&nbsp;...
ギター 練習	11	http://www.guitarbeginner.info/rhythm/	リズムトレーニングの練習方法 | ギター初心者上達委員会	ギター初心者が上達するためには安定したリズムで演奏出切るようになる練習が必要不可欠です。メトロノームを使用したトレーニングでリズム感を養いましょう。
ギター 練習	12	http://www.guitarbeginner.info/explanation/	ギターの基礎練習フレーズ | ギター初心者上達委員会	ギター初心者が上達するための基礎練習フレーズを紹介します。
ギター 練習	13	http://app-liv.jp/hobbies/musics/1171/	ギター・ベースなど弦楽器を演奏する,おすすめ - Appliv[アプリヴ]	あの布袋ギターをリアルに再現したギターアプリや、ピアノ・ドラム・ギターなどの演奏をリアルに楽しめる楽器演奏アプリ、チューナーやメトロノームにより実際の演奏やチューニングに役立つツールアプリや、スマホをギターやベースに見立てて指の動きを練習&nbsp;...
ギター 練習	14	https://twitter.com/practice_guitar	エレキギター練習bot (@practice_guitar) | Twitter	The latest Tweets from エレキギター練習bot (@practice_guitar). ギターの奏法解説、練習法やヒントなどを定期的につぶやくbotです。派生botとして@practice_akogi もあります。 速弾きメインですが、役に立つ練習法もつぶやきます。 質問や解説の追加要望&nbsp;...
ギター 練習	15	http://www.xn--cckyao3220fk7b.net/	アコースティックギター初心者のためのアコギ練習NAVI	【うまい人お断り!!】アコースティックギター初心者のための専用練習サイトです。アコギ上達目指して、弾きまくろう!!
ギター 練習	16	http://matome.naver.jp/odai/2137889404920753301	ギタリストにとっての鬼門『ギター速弾き』練習法 - NAVER まとめ	挫折者続出。ギタリストにとって鬼門である『速弾き』の練習方法をまとめました。
ギター 練習	17	http://homepage3.nifty.com/dokuritu/listening-sense.html	耳コピ方法で上達するギター練習法 - nifty	元プロのギターリストが耳コピの秘訣を公開！ギターが上達するコツやノウハウや練習法を、おしみなく話すギター上達法！
ギター 練習	18	http://guitarstyle.net/douga-jam	アドリブギター練習法 | 動画レッスンのギタースタイル - ギター講座	アドリブギターの練習法を動画解説しています。アドリブネタを実践的に増やせます.
ギター 練習	19	http://introduction-guitar.info/rennsyuuhouhou/	ギター練習のコツ - 初心者ギター入門	ギターなど音を出す楽器は、練習方法のコツがあります、知らずに音を出して練習をしてしまうと思わず苦情を貰ってしまう可能性があるのです。また、練習方法で上達スピードも大きく変わって来るのです！
ギター 練習	20	http://damage0.blomaga.jp/articles/23300.html	4年間毎日ギター6時間以上練習した結果・・・・・・ : ダメージ0	2013/12/24 - 
